<?xml version="1.0" encoding="UTF-8" standalone="yes"?>
<addon id="script.hello.world" name="Hello World" version="1.0.2" provider-name="gigarepo">
	<requires>
	</requires>
	<extension point="xbmc.python.script" library="addon.py">
		<provides>executable</provides>
	</extension>
	<extension point="xbmc.addon.metadata">
		<platform>all</platform>
		<summary lang="en">Artic Fuse 2</summary>
		<description lang="en">Skin adaptada a Palantir 3</description>
		<license>Creative Commons Attribution-NonCommercial-ShareAlike 4.0 Unported License</license>
		<language></language>
		<forum></forum>
		<source>https://github.com/Gisy7/skin.arctic.fuse.2.p3mod</source>
		<assets>
			<icon>icon.png</icon>
			<fanart>fanart.jpg</fanart>
			<screenshot>resources/screenshot-01.jpg</screenshot>
			<screenshot>resources/screenshot-02.jpg</screenshot>
			<screenshot>resources/screenshot-03.jpg</screenshot>
		</assets>
		<news>Updated the addon to use new addon.xml metadata</news>
	</extension>
</addon>
